{
  "c0": 1.852170732931179,
  "h0": 82.31885444379736,
  "Ly": 96824.52576178989,
  "a_coef": 0.0,
  "D": 1198.002985990514,
  "thermocline_depth": 168.33667334669337
}