{
  "c0": 1.8385800600047422,
  "h0": 103.80309512894155,
  "Ly": 83469.61331366963,
  "a_coef": 0.0,
  "D": 1012.1504800389231,
  "thermocline_depth": 168.33667334669337
}