{
  "c0": 2.382762493158474,
  "h0": 111.02163917561265,
  "Ly": 82681.67577544383,
  "a_coef": 1.3764592340220697e-06,
  "D": 957.0260880055832,
  "thermocline_depth": 164.32865731462925
}