{
  "c0": 2.5376222258465586,
  "h0": 84.58293658438416,
  "Ly": 82009.27218526992,
  "a_coef": 1.5057040612664423e-06,
  "D": 1023.8282296602986,
  "thermocline_depth": 192.38476953907815
}