{
  "c0": 2.662693117344149,
  "h0": 81.78411987528256,
  "Ly": 71395.71015111884,
  "a_coef": 1.104645730111057e-06,
  "D": 867.6198940792158,
  "thermocline_depth": 226.45290581162322
}