{
  "c0": 2.7042681062941116,
  "h0": 145.01689207736692,
  "Ly": 98870.26144204047,
  "a_coef": 7.853284989085589e-07,
  "D": 1256.3462435943,
  "thermocline_depth": 244.4889779559118
}