{
  "c0": 2.2905538878329925,
  "h0": 98.31404401827994,
  "Ly": 69267.25290421722,
  "a_coef": 0.0,
  "D": 897.6487939632899,
  "thermocline_depth": 214.42885771543084
}