{
  "c0": 2.0628348800895875,
  "h0": 111.16116007008274,
  "Ly": 67009.57933974083,
  "a_coef": 0.0,
  "D": 1162.023526567314,
  "thermocline_depth": 170.34068136272543
}