{
  "c0": 2.457216979623052,
  "h0": 84.24199280127178,
  "Ly": 58728.85810104481,
  "a_coef": 0.0,
  "D": 1292.6581500689651,
  "thermocline_depth": 186.37274549098194
}