{
  "c0": 2.695697408766173,
  "h0": 112.34516374374758,
  "Ly": 79677.95059227604,
  "a_coef": 0.0,
  "D": 1303.3580968614085,
  "thermocline_depth": 206.41282565130257
}