{
  "c0": 1.9629637272668121,
  "h0": 141.34934988069526,
  "Ly": 60247.803031306714,
  "a_coef": 1.5932110774529681e-06,
  "D": 1483.1688921659625,
  "thermocline_depth": 144.2885771543086
}