{
  "c0": 2.0642715325165155,
  "h0": 80.88924489857122,
  "Ly": 54232.228365829986,
  "a_coef": 0.0,
  "D": 1438.8088018306419,
  "thermocline_depth": 182.36472945891782
}