{
  "c0": 2.0043550244667347,
  "h0": 100.94145031798386,
  "Ly": 70065.9362492313,
  "a_coef": 8.597672432179262e-07,
  "D": 1308.526495603245,
  "thermocline_depth": 152.30460921843687
}