{
  "c0": 2.23924810211165,
  "h0": 133.2640608773561,
  "Ly": 69948.42505693216,
  "a_coef": 0.0,
  "D": 1065.0450244611095,
  "thermocline_depth": 212.42484969939878
}