{
  "c0": 2.078463281540898,
  "h0": 98.93643528679924,
  "Ly": 50831.895972543076,
  "a_coef": 0.0,
  "D": 1471.22796311085,
  "thermocline_depth": 174.34869739478955
}