{
  "c0": 2.110467074997008,
  "h0": 92.18213860432752,
  "Ly": 82728.43255137678,
  "a_coef": 0.0,
  "D": 1470.8422722052512,
  "thermocline_depth": 160.3206412825651
}