{
  "c0": 2.189006522075205,
  "h0": 139.20304272691797,
  "Ly": 56152.27966797762,
  "a_coef": 0.0,
  "D": 1392.7752093760632,
  "thermocline_depth": 198.39679358717433
}