{
  "c0": 1.8323745083051717,
  "h0": 82.44781655233324,
  "Ly": 89598.88707542681,
  "a_coef": 1.4890163257387992e-06,
  "D": 1200.165424822736,
  "thermocline_depth": 176.3527054108216
}