{
  "c0": 2.3755416590132774,
  "h0": 108.84818127514491,
  "Ly": 50371.266557840914,
  "a_coef": 3.8785050091165e-06,
  "D": 1282.2647435132785,
  "thermocline_depth": 164.32865731462925
}