{
  "c0": 2.687889610885793,
  "h0": 126.64310929757036,
  "Ly": 82259.76952025671,
  "a_coef": 7.014816129206894e-07,
  "D": 1331.050089888216,
  "thermocline_depth": 214.42885771543084
}