{
  "c0": 2.5216964715903862,
  "h0": 92.94982416920986,
  "Ly": 56180.73105546024,
  "a_coef": 0.0,
  "D": 1482.7933241806682,
  "thermocline_depth": 202.40480961923845
}