{
  "c0": 2.6596449288473902,
  "h0": 129.16854130308954,
  "Ly": 88296.28240556332,
  "a_coef": 7.705699789025163e-07,
  "D": 1381.2223985276728,
  "thermocline_depth": 248.4969939879759
}