{
  "c0": 2.759891243749769,
  "h0": 115.1757527906915,
  "Ly": 52038.36244432748,
  "a_coef": 3.755446095188235e-06,
  "D": 1395.6770511704199,
  "thermocline_depth": 224.44889779559117
}