{
  "c0": 2.156812882770049,
  "h0": 95.16129313650124,
  "Ly": 97125.56579647161,
  "a_coef": 0.0,
  "D": 1050.0818885728713,
  "thermocline_depth": 166.3326653306613
}