{
  "c0": 2.248884192346641,
  "h0": 98.80486680448396,
  "Ly": 92854.10406140001,
  "a_coef": 0.0,
  "D": 1238.8670388870696,
  "thermocline_depth": 220.44088176352702
}