{
  "c0": 2.651079062594059,
  "h0": 127.52449998071378,
  "Ly": 50647.243823998935,
  "a_coef": 2.5859315473873146e-06,
  "D": 1485.3556932191668,
  "thermocline_depth": 228.45691382765528
}