{
  "c0": 2.675715164949477,
  "h0": 141.18956372739484,
  "Ly": 73580.31761175333,
  "a_coef": 1.5179939476079088e-06,
  "D": 1217.6814149528789,
  "thermocline_depth": 222.4448897795591
}