{
  "c0": 2.464341575181458,
  "h0": 148.10054957634864,
  "Ly": 60346.960833262485,
  "a_coef": 0.0,
  "D": 1156.9920596723914,
  "thermocline_depth": 188.376753507014
}