{
  "c0": 2.4321722485103967,
  "h0": 132.58115049261596,
  "Ly": 73495.35677673086,
  "a_coef": 0.0,
  "D": 1072.519880599836,
  "thermocline_depth": 188.376753507014
}