{
  "c0": 1.7854578992647887,
  "h0": 113.44813555938444,
  "Ly": 90079.08022946308,
  "a_coef": 9.357792380082548e-07,
  "D": 1105.6428865232806,
  "thermocline_depth": 172.3446893787575
}