{
  "c0": 2.279936751247805,
  "h0": 120.91980219294024,
  "Ly": 92097.09840528379,
  "a_coef": 5.318361772816184e-07,
  "D": 1421.0567764086431,
  "thermocline_depth": 178.3567134268537
}