{
  "c0": 2.1303765145683635,
  "h0": 137.3396102850332,
  "Ly": 88481.42290389934,
  "a_coef": 0.0,
  "D": 1078.2286844612229,
  "thermocline_depth": 146.29258517034066
}