{
  "c0": 2.5887185690382015,
  "h0": 96.63681326916166,
  "Ly": 58842.22176715333,
  "a_coef": 2.826343737049743e-06,
  "D": 1018.5703530332943,
  "thermocline_depth": 202.40480961923845
}