{
  "c0": 2.249168935974398,
  "h0": 105.63711378623711,
  "Ly": 98683.19279256128,
  "a_coef": 5.692909183176807e-07,
  "D": 1352.7219659042257,
  "thermocline_depth": 188.376753507014
}