{
  "c0": 2.5617869646508264,
  "h0": 143.23062898115694,
  "Ly": 78964.25758993717,
  "a_coef": 0.0,
  "D": 1225.9999957762234,
  "thermocline_depth": 200.4008016032064
}