{
  "c0": 1.9123075262932816,
  "h0": 130.10689841281166,
  "Ly": 92679.47441258401,
  "a_coef": 8.87116106097197e-07,
  "D": 1423.6845311873521,
  "thermocline_depth": 148.29659318637272
}