{
  "c0": 2.266273305039264,
  "h0": 112.79356058471893,
  "Ly": 63304.07944843576,
  "a_coef": 1.970568352615942e-06,
  "D": 1070.5424671893986,
  "thermocline_depth": 212.42484969939878
}