{
  "c0": 1.850384348095122,
  "h0": 141.4513963797082,
  "Ly": 58177.11130663674,
  "a_coef": 1.2174000557259247e-06,
  "D": 1057.186703745165,
  "thermocline_depth": 144.2885771543086
}