{
  "c0": 2.0180607041413086,
  "h0": 149.2263410114854,
  "Ly": 80932.38572680391,
  "a_coef": 0.0,
  "D": 1059.8071204512316,
  "thermocline_depth": 138.27655310621242
}