{
  "c0": 1.9815059014060863,
  "h0": 144.3733932389045,
  "Ly": 78239.91971316,
  "a_coef": 1.0510660134299982e-06,
  "D": 1103.2341227700347,
  "thermocline_depth": 174.34869739478955
}