{
  "c0": 2.554969346365647,
  "h0": 127.02969860797874,
  "Ly": 96629.40464144337,
  "a_coef": 0.0,
  "D": 885.8020272078016,
  "thermocline_depth": 210.42084168336672
}