{
  "c0": 2.0752171152330607,
  "h0": 108.62505682851227,
  "Ly": 99266.68763441851,
  "a_coef": 9.364662909976052e-07,
  "D": 826.3532415228644,
  "thermocline_depth": 148.29659318637272
}