{
  "c0": 2.580946024527382,
  "h0": 117.92237455706018,
  "Ly": 98139.69534445209,
  "a_coef": 7.511409889846951e-07,
  "D": 967.4286866156297,
  "thermocline_depth": 210.42084168336672
}