{
  "c0": 2.438141603764189,
  "h0": 139.35363844507816,
  "Ly": 77729.81200050775,
  "a_coef": 0.0,
  "D": 1079.0772301889492,
  "thermocline_depth": 170.34068136272543
}