{
  "c0": 2.4638354189583063,
  "h0": 121.88215998123312,
  "Ly": 63978.69796030415,
  "a_coef": 2.2739624511823704e-06,
  "D": 863.0178297756651,
  "thermocline_depth": 206.41282565130257
}