{
  "c0": 1.989596366366123,
  "h0": 145.27081283593532,
  "Ly": 57985.87841877283,
  "a_coef": 3.528250769069276e-06,
  "D": 1002.3255484098131,
  "thermocline_depth": 144.2885771543086
}