{
  "c0": 2.35617162899386,
  "h0": 108.67312643432267,
  "Ly": 86862.64529780974,
  "a_coef": 0.0,
  "D": 1095.6506539408695,
  "thermocline_depth": 218.43687374749496
}