{
  "c0": 2.555661624080866,
  "h0": 116.11609390925392,
  "Ly": 80333.27250581216,
  "a_coef": 1.0375382251352357e-06,
  "D": 1242.8667788133312,
  "thermocline_depth": 222.4448897795591
}