{
  "c0": 2.080163966087881,
  "h0": 134.56037361381544,
  "Ly": 97998.01857956673,
  "a_coef": 0.0,
  "D": 1416.874994410111,
  "thermocline_depth": 164.32865731462925
}