{
  "c0": 2.5255076312180558,
  "h0": 97.68129891613553,
  "Ly": 98889.04767642463,
  "a_coef": 0.0,
  "D": 963.9398424475517,
  "thermocline_depth": 240.48096192384767
}