{
  "c0": 2.2198562487289735,
  "h0": 123.92750159493805,
  "Ly": 69866.7799262885,
  "a_coef": 1.2060272652555412e-06,
  "D": 1198.71559920557,
  "thermocline_depth": 178.3567134268537
}