{
  "c0": 2.0652936007913936,
  "h0": 83.60588043260239,
  "Ly": 68796.56779295922,
  "a_coef": 1.8282601015929003e-06,
  "D": 1122.8347366811151,
  "thermocline_depth": 196.39278557114227
}