{
  "c0": 2.631874497764249,
  "h0": 133.82591013778824,
  "Ly": 56432.186030524565,
  "a_coef": 1.2819520796414768e-06,
  "D": 1429.893121303099,
  "thermocline_depth": 242.48496993987973
}