{
  "c0": 2.029546472100044,
  "h0": 93.85976516396913,
  "Ly": 88288.20335523598,
  "a_coef": 8.664994781505507e-07,
  "D": 985.7678548423494,
  "thermocline_depth": 200.4008016032064
}