{
  "c0": 2.1653901920566208,
  "h0": 82.1668467699177,
  "Ly": 99700.55133131138,
  "a_coef": 1.1454435290935403e-06,
  "D": 1182.6735262452978,
  "thermocline_depth": 166.3326653306613
}