{
  "c0": 1.8402822433424935,
  "h0": 123.4778814632083,
  "Ly": 86005.42772526867,
  "a_coef": 0.0,
  "D": 1274.104766068731,
  "thermocline_depth": 182.36472945891782
}