{
  "c0": 2.7003925362517616,
  "h0": 80.53219996471972,
  "Ly": 58525.41515778552,
  "a_coef": 1.3925740797152464e-06,
  "D": 1210.609475035978,
  "thermocline_depth": 236.47294589178355
}