{
  "c0": 2.4512499659881524,
  "h0": 119.90838986139855,
  "Ly": 95272.47139433865,
  "a_coef": 0.0,
  "D": 1276.4699414275658,
  "thermocline_depth": 200.4008016032064
}