{
  "c0": 2.329666246267069,
  "h0": 134.7696962064379,
  "Ly": 83251.33597143783,
  "a_coef": 1.5492143813772379e-06,
  "D": 1044.3079958010148,
  "thermocline_depth": 166.3326653306613
}