{
  "c0": 2.730248259441937,
  "h0": 111.79522360685087,
  "Ly": 76662.43467478841,
  "a_coef": 1.1453460181519043e-06,
  "D": 1273.8529572644986,
  "thermocline_depth": 220.44088176352702
}