{
  "c0": 1.9815123926470082,
  "h0": 105.1272677406586,
  "Ly": 89712.36186981297,
  "a_coef": 7.457587013287639e-07,
  "D": 866.5865065458809,
  "thermocline_depth": 190.38076152304606
}