{
  "c0": 2.0274842080024364,
  "h0": 108.32353821406831,
  "Ly": 67022.16458213108,
  "a_coef": 2.3313503060905916e-06,
  "D": 862.8346596028241,
  "thermocline_depth": 144.2885771543086
}