{
  "c0": 2.7332026118135975,
  "h0": 92.31311644524794,
  "Ly": 58517.3719895141,
  "a_coef": 0.0,
  "D": 891.629881391587,
  "thermocline_depth": 232.4649298597194
}