{
  "c0": 2.7051704722667833,
  "h0": 137.10105820966047,
  "Ly": 85087.68950278632,
  "a_coef": 9.910756080070684e-07,
  "D": 891.4216465554742,
  "thermocline_depth": 222.4448897795591
}