{
  "c0": 2.500605235435121,
  "h0": 137.9216838018538,
  "Ly": 53735.90168821527,
  "a_coef": 0.0,
  "D": 853.2272415445766,
  "thermocline_depth": 212.42484969939878
}