{
  "c0": 2.1945593704698383,
  "h0": 85.85939924610287,
  "Ly": 80812.70696338992,
  "a_coef": 0.0,
  "D": 1241.6681332175203,
  "thermocline_depth": 206.41282565130257
}