{
  "c0": 2.3114785356895946,
  "h0": 112.3137453055509,
  "Ly": 99749.56224114142,
  "a_coef": 9.899565964743882e-07,
  "D": 1024.1310390683986,
  "thermocline_depth": 186.37274549098194
}