{
  "c0": 2.2113254843281296,
  "h0": 148.48623735879738,
  "Ly": 65823.7716805459,
  "a_coef": 2.7413907608182856e-06,
  "D": 852.503669898356,
  "thermocline_depth": 172.3446893787575
}