{
  "c0": 2.476952701060461,
  "h0": 102.4901112508006,
  "Ly": 72158.1358284247,
  "a_coef": 0.0,
  "D": 1406.048799286033,
  "thermocline_depth": 178.3567134268537
}