{
  "c0": 2.1619745382880056,
  "h0": 93.80450907401388,
  "Ly": 73862.13634179234,
  "a_coef": 1.5156294975625848e-06,
  "D": 981.9607136649863,
  "thermocline_depth": 178.3567134268537
}