{
  "c0": 1.8693524053798196,
  "h0": 117.83877629455662,
  "Ly": 84053.6392513963,
  "a_coef": 0.0,
  "D": 1036.385490118921,
  "thermocline_depth": 150.3006012024048
}