{
  "c0": 2.6464015189039114,
  "h0": 104.05462128889214,
  "Ly": 60121.46928924891,
  "a_coef": 0.0,
  "D": 1316.0067039474752,
  "thermocline_depth": 210.42084168336672
}