{
  "c0": 2.624921850018157,
  "h0": 136.21004684190444,
  "Ly": 85155.41522400624,
  "a_coef": 1.460696702113081e-06,
  "D": 1177.4269280851042,
  "thermocline_depth": 210.42084168336672
}