{
  "c0": 2.2005416167478553,
  "h0": 87.56410672570252,
  "Ly": 78082.1660450731,
  "a_coef": 1.7883745526518926e-06,
  "D": 1225.9688455234052,
  "thermocline_depth": 188.376753507014
}