{
  "c0": 2.4911955692903165,
  "h0": 90.67193158482706,
  "Ly": 72119.1947297081,
  "a_coef": 0.0,
  "D": 1145.0215537887084,
  "thermocline_depth": 228.45691382765528
}