{
  "c0": 2.413397824557781,
  "h0": 127.11340545784347,
  "Ly": 88012.94384398716,
  "a_coef": 1.44536136379791e-06,
  "D": 814.333381217197,
  "thermocline_depth": 190.38076152304606
}