{
  "c0": 2.5461361543235377,
  "h0": 107.65096010666382,
  "Ly": 50019.260174486415,
  "a_coef": 0.0,
  "D": 1118.5488582477699,
  "thermocline_depth": 192.38476953907815
}