{
  "c0": 2.214967038855877,
  "h0": 138.79982692675776,
  "Ly": 54038.26506028514,
  "a_coef": 2.3144047666871503e-06,
  "D": 931.8529560962361,
  "thermocline_depth": 208.41683366733466
}