{
  "c0": 2.288884805442113,
  "h0": 107.94595996853724,
  "Ly": 80405.46506780015,
  "a_coef": 7.639403509403539e-07,
  "D": 1215.3562084832406,
  "thermocline_depth": 190.38076152304606
}