{
  "c0": 2.483180993846072,
  "h0": 108.08794095196296,
  "Ly": 71482.01782818162,
  "a_coef": 0.0,
  "D": 1168.0037775404348,
  "thermocline_depth": 210.42084168336672
}