{
  "c0": 2.526889839250092,
  "h0": 92.0833710860302,
  "Ly": 63307.23207603886,
  "a_coef": 0.0,
  "D": 818.5701765350688,
  "thermocline_depth": 196.39278557114227
}