{
  "c0": 1.772655603444619,
  "h0": 84.14538157326119,
  "Ly": 53294.54032290343,
  "a_coef": 0.0,
  "D": 1497.4800597841886,
  "thermocline_depth": 184.36873747494988
}