{
  "c0": 2.607158289817053,
  "h0": 105.79655601649429,
  "Ly": 96827.24394579162,
  "a_coef": 6.502632029002263e-07,
  "D": 926.9685100771965,
  "thermocline_depth": 226.45290581162322
}