{
  "c0": 2.391725225396608,
  "h0": 82.0094385973236,
  "Ly": 69262.71499438242,
  "a_coef": 1.5002509927419006e-06,
  "D": 1080.21531457845,
  "thermocline_depth": 188.376753507014
}