{
  "c0": 2.659894288560141,
  "h0": 100.31179958919735,
  "Ly": 78408.06868083704,
  "a_coef": 0.0,
  "D": 1312.193083853112,
  "thermocline_depth": 228.45691382765528
}