{
  "c0": 2.632119793110303,
  "h0": 122.53040306215864,
  "Ly": 66211.14601277783,
  "a_coef": 0.0,
  "D": 1407.925855016491,
  "thermocline_depth": 246.49298597194385
}