{
  "c0": 2.6214399289101524,
  "h0": 84.7350038665434,
  "Ly": 85595.581650898,
  "a_coef": 0.0,
  "D": 1377.2339868667973,
  "thermocline_depth": 232.4649298597194
}