{
  "c0": 2.1285504594008455,
  "h0": 145.75896375952914,
  "Ly": 72978.26743929861,
  "a_coef": 0.0,
  "D": 1289.1467236263243,
  "thermocline_depth": 184.36873747494988
}