{
  "c0": 2.647120936293911,
  "h0": 118.88622101758494,
  "Ly": 84164.58405476197,
  "a_coef": 0.0,
  "D": 1341.8285841107518,
  "thermocline_depth": 236.47294589178355
}