{
  "c0": 2.389739929710155,
  "h0": 93.46837048994263,
  "Ly": 68413.92097813993,
  "a_coef": 1.2717655218088443e-06,
  "D": 868.273355912586,
  "thermocline_depth": 232.4649298597194
}