{
  "c0": 2.767826166392508,
  "h0": 84.49509937840102,
  "Ly": 93080.20233396725,
  "a_coef": 0.0,
  "D": 849.8296331453391,
  "thermocline_depth": 228.45691382765528
}