{
  "c0": 2.6076616808125888,
  "h0": 128.78225980952772,
  "Ly": 59772.46043644152,
  "a_coef": 0.0,
  "D": 1260.063597293173,
  "thermocline_depth": 246.49298597194385
}