{
  "c0": 2.6119891590653226,
  "h0": 126.13779467735996,
  "Ly": 96951.28678554518,
  "a_coef": 0.0,
  "D": 1037.900885978812,
  "thermocline_depth": 248.4969939879759
}