{
  "c0": 2.3893107544995504,
  "h0": 92.04582086338355,
  "Ly": 90407.07187836857,
  "a_coef": 1.0126688480827805e-06,
  "D": 1190.2389802838004,
  "thermocline_depth": 206.41282565130257
}