{
  "c0": 2.1585902918063686,
  "h0": 149.3859272349382,
  "Ly": 54180.219478182415,
  "a_coef": 0.0,
  "D": 1083.7804775779775,
  "thermocline_depth": 184.36873747494988
}