{
  "c0": 2.5082736004639252,
  "h0": 116.84967081056944,
  "Ly": 56791.657415947935,
  "a_coef": 3.599452268057539e-06,
  "D": 1099.7467384051265,
  "thermocline_depth": 196.39278557114227
}