{
  "c0": 2.3265938275649263,
  "h0": 138.57812508681684,
  "Ly": 83706.6970123678,
  "a_coef": 1.2508144992341855e-06,
  "D": 839.8912693698975,
  "thermocline_depth": 198.39679358717433
}