{
  "c0": 2.1426738870137876,
  "h0": 122.32060515084189,
  "Ly": 85865.42818386364,
  "a_coef": 0.0,
  "D": 806.1254839327011,
  "thermocline_depth": 204.4088176352705
}