{
  "c0": 1.891560817855085,
  "h0": 94.92139940227453,
  "Ly": 84664.57778032466,
  "a_coef": 8.627054181788461e-07,
  "D": 1477.8924491708615,
  "thermocline_depth": 152.30460921843687
}