{
  "c0": 1.7791747487550333,
  "h0": 114.26574807264805,
  "Ly": 97171.21786020955,
  "a_coef": 1.1126777916710682e-06,
  "D": 1285.984481397952,
  "thermocline_depth": 160.3206412825651
}