{
  "c0": 1.8256886771982048,
  "h0": 143.22480546447161,
  "Ly": 98464.32384147806,
  "a_coef": 6.314055771938744e-07,
  "D": 837.6393877874931,
  "thermocline_depth": 134.26853707414827
}