{
  "c0": 2.37394029979395,
  "h0": 106.06052902581835,
  "Ly": 51104.03186933906,
  "a_coef": 0.0,
  "D": 972.5388684334633,
  "thermocline_depth": 214.42885771543084
}