{
  "c0": 2.3137312863961492,
  "h0": 124.70552910849423,
  "Ly": 72937.614044923,
  "a_coef": 0.0,
  "D": 1106.810434673363,
  "thermocline_depth": 204.4088176352705
}