{
  "c0": 2.6247157494054143,
  "h0": 137.40838173920116,
  "Ly": 90653.24322200335,
  "a_coef": 0.0,
  "D": 836.46336027949,
  "thermocline_depth": 216.4328657314629
}