{
  "c0": 2.5290666642315216,
  "h0": 141.95600531443867,
  "Ly": 60063.730130344076,
  "a_coef": 0.0,
  "D": 960.8031888983681,
  "thermocline_depth": 236.47294589178355
}