{
  "c0": 2.6217883192620075,
  "h0": 137.68588290593942,
  "Ly": 93859.17895422872,
  "a_coef": 1.334849565711583e-06,
  "D": 991.7934520760286,
  "thermocline_depth": 220.44088176352702
}