{
  "c0": 2.6385357937070255,
  "h0": 132.2741486612039,
  "Ly": 89532.25712340456,
  "a_coef": 0.0,
  "D": 1091.1799076731868,
  "thermocline_depth": 210.42084168336672
}