{
  "c0": 2.083320288758719,
  "h0": 110.01055377360095,
  "Ly": 53972.07193014542,
  "a_coef": 3.4965775750984788e-06,
  "D": 871.4129842093325,
  "thermocline_depth": 156.312625250501
}