{
  "c0": 2.2369490818773845,
  "h0": 137.4916888399067,
  "Ly": 67536.75585033148,
  "a_coef": 0.0,
  "D": 970.0002379575128,
  "thermocline_depth": 198.39679358717433
}