{
  "c0": 1.8952630441291456,
  "h0": 83.23891270469514,
  "Ly": 64503.37954110486,
  "a_coef": 1.0760019550711573e-06,
  "D": 1216.2866884332134,
  "thermocline_depth": 186.37274549098194
}