{
  "c0": 2.691284758610114,
  "h0": 83.14864078196223,
  "Ly": 51595.820610711206,
  "a_coef": 0.0,
  "D": 1261.2094175854343,
  "thermocline_depth": 250.501002004008
}