{
  "c0": 2.0077027608214038,
  "h0": 125.19573596472479,
  "Ly": 77880.7160137335,
  "a_coef": 1.2804130569282219e-06,
  "D": 1162.973989614709,
  "thermocline_depth": 184.36873747494988
}