{
  "c0": 2.383504722244566,
  "h0": 89.6660561220059,
  "Ly": 50998.262353004306,
  "a_coef": 0.0,
  "D": 917.008821029194,
  "thermocline_depth": 220.44088176352702
}