{
  "c0": 2.5414113133807006,
  "h0": 115.81604861618263,
  "Ly": 93275.27979649199,
  "a_coef": 5.057173030753918e-07,
  "D": 1254.2883950729251,
  "thermocline_depth": 224.44889779559117
}