{
  "c0": 2.629563296143532,
  "h0": 131.5849895216375,
  "Ly": 99714.97833791435,
  "a_coef": 0.0,
  "D": 1191.252111148847,
  "thermocline_depth": 246.49298597194385
}