{
  "c0": 2.487848287058558,
  "h0": 113.59665118494749,
  "Ly": 55584.424537087776,
  "a_coef": 0.0,
  "D": 987.5227012770691,
  "thermocline_depth": 240.48096192384767
}