{
  "c0": 2.3523947913206693,
  "h0": 141.25052548133021,
  "Ly": 79865.93762182705,
  "a_coef": 9.295670627372799e-07,
  "D": 1066.8262110634446,
  "thermocline_depth": 206.41282565130257
}