{
  "c0": 2.022780414223818,
  "h0": 82.82926319922706,
  "Ly": 67004.65167967541,
  "a_coef": 0.0,
  "D": 1261.7987600844224,
  "thermocline_depth": 178.3567134268537
}