{
  "c0": 2.6750490601950534,
  "h0": 88.02148733818717,
  "Ly": 61002.389100508735,
  "a_coef": 1.0769475965498227e-06,
  "D": 979.3179620993462,
  "thermocline_depth": 234.46893787575146
}