{
  "c0": 2.7204364545540356,
  "h0": 136.48054442833703,
  "Ly": 53330.005770087126,
  "a_coef": 0.0,
  "D": 1343.3111456779884,
  "thermocline_depth": 212.42484969939878
}