{
  "c0": 2.238019020875985,
  "h0": 129.0449974556092,
  "Ly": 94400.33799043819,
  "a_coef": 1.0705692098188934e-06,
  "D": 1168.4609345646477,
  "thermocline_depth": 194.3887775551102
}