{
  "c0": 2.0428118342550285,
  "h0": 109.34301434324257,
  "Ly": 81401.26256406607,
  "a_coef": 0.0,
  "D": 1004.5540175054055,
  "thermocline_depth": 174.34869739478955
}