{
  "c0": 2.444124056735651,
  "h0": 111.51585506744772,
  "Ly": 56037.68074432357,
  "a_coef": 1.624844062002205e-06,
  "D": 1143.1385643023968,
  "thermocline_depth": 226.45290581162322
}