{
  "c0": 2.218695758221566,
  "h0": 92.51491747788985,
  "Ly": 89109.90274749248,
  "a_coef": 1.3362827840022692e-06,
  "D": 1093.9764331329823,
  "thermocline_depth": 184.36873747494988
}