{
  "c0": 2.6477756191547988,
  "h0": 98.75254354823805,
  "Ly": 79513.00560126005,
  "a_coef": 0.0,
  "D": 1497.8463896841272,
  "thermocline_depth": 230.46092184368734
}