{
  "c0": 2.6635993840204475,
  "h0": 118.5704534120203,
  "Ly": 85338.27159672749,
  "a_coef": 0.0,
  "D": 1238.2550499689205,
  "thermocline_depth": 254.50901803607212
}