{
  "c0": 2.548285844519491,
  "h0": 107.65010322480316,
  "Ly": 50224.041151719626,
  "a_coef": 1.9710648911148546e-06,
  "D": 1064.6391298099302,
  "thermocline_depth": 220.44088176352702
}