{
  "c0": 1.99529428793247,
  "h0": 94.72657464134983,
  "Ly": 79903.36049503677,
  "a_coef": 8.972375404082588e-07,
  "D": 1422.8719402692454,
  "thermocline_depth": 178.3567134268537
}