{
  "c0": 2.1963275881476365,
  "h0": 83.60444638832452,
  "Ly": 59863.15504160266,
  "a_coef": 0.0,
  "D": 1392.1152754532436,
  "thermocline_depth": 172.3446893787575
}