{
  "c0": 2.748380010527255,
  "h0": 111.85278080848825,
  "Ly": 69879.38333414616,
  "a_coef": 0.0,
  "D": 1424.7503844257099,
  "thermocline_depth": 240.48096192384767
}