{
  "c0": 2.3411289873079286,
  "h0": 137.3901390397541,
  "Ly": 81072.98233837569,
  "a_coef": 0.0,
  "D": 932.3413779221303,
  "thermocline_depth": 228.45691382765528
}