{
  "c0": 2.5414759125110864,
  "h0": 105.49331747641847,
  "Ly": 74854.59247092673,
  "a_coef": 0.0,
  "D": 1159.1523883941961,
  "thermocline_depth": 238.4769539078156
}