{
  "c0": 2.252342487836836,
  "h0": 136.9511098938473,
  "Ly": 80365.56351178762,
  "a_coef": 0.0,
  "D": 1288.810232530559,
  "thermocline_depth": 186.37274549098194
}