{
  "c0": 2.5799844667724425,
  "h0": 123.09086468694849,
  "Ly": 96160.60415536456,
  "a_coef": 0.0,
  "D": 808.6146063455805,
  "thermocline_depth": 212.42484969939878
}