{
  "c0": 1.8059313626171678,
  "h0": 100.61562193700473,
  "Ly": 75450.70986487801,
  "a_coef": 0.0,
  "D": 1467.7064264802507,
  "thermocline_depth": 178.3567134268537
}