{
  "c0": 2.1644369592686155,
  "h0": 85.00626499392877,
  "Ly": 94475.15237073254,
  "a_coef": 1.1323678567473956e-06,
  "D": 1092.0020942689548,
  "thermocline_depth": 158.31663326653305
}