{
  "c0": 2.495073784850865,
  "h0": 99.238389961253,
  "Ly": 91694.97193879914,
  "a_coef": 1.2811437671776598e-06,
  "D": 1324.120582471157,
  "thermocline_depth": 186.37274549098194
}