{
  "c0": 2.714503997148357,
  "h0": 97.8521913106433,
  "Ly": 55260.57009642615,
  "a_coef": 2.2351690279159893e-06,
  "D": 1234.722461282232,
  "thermocline_depth": 222.4448897795591
}