{
  "c0": 2.379933637985318,
  "h0": 119.7308463070799,
  "Ly": 63160.45321553727,
  "a_coef": 0.0,
  "D": 1275.2774064411622,
  "thermocline_depth": 214.42885771543084
}