{
  "c0": 2.0903018812412815,
  "h0": 101.6490197221676,
  "Ly": 65667.14733477571,
  "a_coef": 0.0,
  "D": 1483.7374790636877,
  "thermocline_depth": 190.38076152304606
}