{
  "c0": 2.0179447409918487,
  "h0": 81.63743180622286,
  "Ly": 54186.80199226743,
  "a_coef": 2.8202989461670736e-06,
  "D": 1062.8077006566964,
  "thermocline_depth": 170.34068136272543
}