{
  "c0": 2.586013119229644,
  "h0": 140.2225193228394,
  "Ly": 83070.66909296444,
  "a_coef": 1.6190670312199173e-06,
  "D": 830.886334731571,
  "thermocline_depth": 222.4448897795591
}