{
  "c0": 2.6549405699020077,
  "h0": 110.53174707557753,
  "Ly": 77387.03201642753,
  "a_coef": 0.0,
  "D": 992.4654805206127,
  "thermocline_depth": 234.46893787575146
}