{
  "c0": 2.2981279876919514,
  "h0": 149.55948695565723,
  "Ly": 63215.65115817966,
  "a_coef": 2.6045428648839075e-06,
  "D": 1074.7803122342407,
  "thermocline_depth": 170.34068136272543
}