{
  "c0": 2.184692345169989,
  "h0": 124.86635407801955,
  "Ly": 85757.0880490314,
  "a_coef": 0.0,
  "D": 1275.0103828579868,
  "thermocline_depth": 154.30861723446893
}