{
  "c0": 1.8332656998358676,
  "h0": 95.99658703498919,
  "Ly": 63288.71059205203,
  "a_coef": 2.985210760059058e-06,
  "D": 1426.8864786148538,
  "thermocline_depth": 186.37274549098194
}