{
  "c0": 2.110597143681336,
  "h0": 120.87988556691892,
  "Ly": 58362.36523824257,
  "a_coef": 3.1063211753108374e-06,
  "D": 1066.1214522713808,
  "thermocline_depth": 196.39278557114227
}