{
  "c0": 2.3060408962863863,
  "h0": 88.6012948255175,
  "Ly": 65095.88600845109,
  "a_coef": 0.0,
  "D": 1420.5029335505124,
  "thermocline_depth": 178.3567134268537
}