{
  "c0": 2.077541299004512,
  "h0": 144.76846054501362,
  "Ly": 55300.62631642284,
  "a_coef": 2.0238505452770715e-06,
  "D": 1373.7528992650277,
  "thermocline_depth": 178.3567134268537
}