{
  "c0": 2.4453233494561695,
  "h0": 107.1107850386764,
  "Ly": 66123.5890570206,
  "a_coef": 1.3656568937063386e-06,
  "D": 1229.4777541984795,
  "thermocline_depth": 206.41282565130257
}