{
  "c0": 2.4582830719167865,
  "h0": 97.15087465153036,
  "Ly": 50200.21763460797,
  "a_coef": 4.7083002757944285e-06,
  "D": 1308.089649253129,
  "thermocline_depth": 210.42084168336672
}