{
  "c0": 2.5904025152398815,
  "h0": 146.0566322922507,
  "Ly": 89957.41852906939,
  "a_coef": 7.36235655702873e-07,
  "D": 1236.2619146477732,
  "thermocline_depth": 218.43687374749496
}