{
  "c0": 2.2241069305402257,
  "h0": 138.7657864431969,
  "Ly": 51910.33132375303,
  "a_coef": 0.0,
  "D": 1053.4566306153195,
  "thermocline_depth": 200.4008016032064
}