{
  "c0": 2.212566945079608,
  "h0": 147.2140457420109,
  "Ly": 98273.52976504611,
  "a_coef": 1.0755290753915285e-06,
  "D": 830.4904277407734,
  "thermocline_depth": 212.42484969939878
}