{
  "c0": 1.8579251987318424,
  "h0": 142.74714491341987,
  "Ly": 76614.20846016303,
  "a_coef": 0.0,
  "D": 1335.9378197639385,
  "thermocline_depth": 160.3206412825651
}