{
  "c0": 2.0961566255883173,
  "h0": 90.23725010115137,
  "Ly": 55500.10293573558,
  "a_coef": 2.493926407177876e-06,
  "D": 1216.347456354915,
  "thermocline_depth": 168.33667334669337
}