{
  "c0": 2.1929635394500355,
  "h0": 113.7587609132976,
  "Ly": 61709.028240034335,
  "a_coef": 0.0,
  "D": 1372.8902066258454,
  "thermocline_depth": 148.29659318637272
}