{
  "c0": 2.2708285052590313,
  "h0": 92.11588447897142,
  "Ly": 52221.90896432292,
  "a_coef": 0.0,
  "D": 1451.8512966497067,
  "thermocline_depth": 216.4328657314629
}