{
  "c0": 1.9608995252299328,
  "h0": 83.43884086211884,
  "Ly": 76773.74778093252,
  "a_coef": 0.0,
  "D": 809.0019759002871,
  "thermocline_depth": 190.38076152304606
}