{
  "c0": 2.497430609604492,
  "h0": 116.56249181727935,
  "Ly": 55367.71229697336,
  "a_coef": 0.0,
  "D": 915.316358680778,
  "thermocline_depth": 238.4769539078156
}