{
  "c0": 1.8112979366765,
  "h0": 98.53381757523861,
  "Ly": 76722.41845690086,
  "a_coef": 1.7448873641312009e-06,
  "D": 1018.3741558482752,
  "thermocline_depth": 184.36873747494988
}