{
  "c0": 1.9782624407192053,
  "h0": 142.90416315342026,
  "Ly": 59268.59723480303,
  "a_coef": 2.2776348922183985e-06,
  "D": 1445.2060421743663,
  "thermocline_depth": 168.33667334669337
}