{
  "c0": 2.1560540134457438,
  "h0": 128.22077656436431,
  "Ly": 92529.01533766715,
  "a_coef": 1.1784879980633842e-06,
  "D": 879.637257246404,
  "thermocline_depth": 152.30460921843687
}