{
  "c0": 1.8274040110490282,
  "h0": 84.72913266613915,
  "Ly": 79131.24087164657,
  "a_coef": 0.0,
  "D": 819.3865513224399,
  "thermocline_depth": 158.31663326653305
}