{
  "c0": 1.7748075319515642,
  "h0": 139.49657235144764,
  "Ly": 56907.1123963337,
  "a_coef": 2.7446349322060925e-06,
  "D": 1296.8793206225182,
  "thermocline_depth": 184.36873747494988
}