{
  "c0": 2.175119124012242,
  "h0": 88.92400912029996,
  "Ly": 78610.95517310995,
  "a_coef": 0.0,
  "D": 1063.1011633487722,
  "thermocline_depth": 164.32865731462925
}