{
  "c0": 1.8315274560060906,
  "h0": 121.839648881974,
  "Ly": 86551.50776729989,
  "a_coef": 1.3667101385668212e-06,
  "D": 1372.9992743710814,
  "thermocline_depth": 176.3527054108216
}