{
  "c0": 2.4073989687675343,
  "h0": 118.71657383267977,
  "Ly": 91650.17831125896,
  "a_coef": 0.0,
  "D": 1187.362849394994,
  "thermocline_depth": 184.36873747494988
}