{
  "c0": 2.412094168684574,
  "h0": 112.63873026237204,
  "Ly": 67909.82731900118,
  "a_coef": 2.131614493519862e-06,
  "D": 996.4006897770653,
  "thermocline_depth": 196.39278557114227
}