{
  "c0": 2.1060258125676063,
  "h0": 148.05887310983377,
  "Ly": 76286.40221946992,
  "a_coef": 1.8784591778004478e-06,
  "D": 1494.5885556339108,
  "thermocline_depth": 172.3446893787575
}