{
  "c0": 2.6533262870997896,
  "h0": 99.1754764874504,
  "Ly": 96165.02537497686,
  "a_coef": 0.0,
  "D": 1005.8690773240344,
  "thermocline_depth": 254.50901803607212
}