{
  "c0": 1.897824606379625,
  "h0": 115.80868911375433,
  "Ly": 99792.76924426843,
  "a_coef": 7.343762323934727e-07,
  "D": 1305.6527600456227,
  "thermocline_depth": 174.34869739478955
}