{
  "c0": 2.221296010853003,
  "h0": 148.54032443006008,
  "Ly": 86875.17466569143,
  "a_coef": 0.0,
  "D": 1380.0400977230988,
  "thermocline_depth": 176.3527054108216
}