{
  "c0": 2.3555107247990867,
  "h0": 95.10388163589053,
  "Ly": 99232.60903724753,
  "a_coef": 4.202220555057719e-07,
  "D": 823.6603759878416,
  "thermocline_depth": 194.3887775551102
}