{
  "c0": 2.071542804656971,
  "h0": 81.27567810603207,
  "Ly": 75986.94434045813,
  "a_coef": 1.5185914621767185e-06,
  "D": 1450.5652463189122,
  "thermocline_depth": 194.3887775551102
}