{
  "c0": 2.5404571440756785,
  "h0": 113.52528967109907,
  "Ly": 52506.84401148648,
  "a_coef": 3.326954953511226e-06,
  "D": 1045.5307719196348,
  "thermocline_depth": 226.45290581162322
}