{
  "c0": 2.847794427077551,
  "h0": 125.94306276515962,
  "Ly": 90099.47094354936,
  "a_coef": 8.669455935009612e-07,
  "D": 913.9235412671926,
  "thermocline_depth": 232.4649298597194
}