{
  "c0": 2.6942273681231277,
  "h0": 123.54633560468923,
  "Ly": 96142.55213092211,
  "a_coef": 0.0,
  "D": 1131.0725087239218,
  "thermocline_depth": 224.44889779559117
}