{
  "c0": 2.417170064555249,
  "h0": 131.23533522208217,
  "Ly": 66601.33040584857,
  "a_coef": 2.2983168678210417e-06,
  "D": 1328.952411420421,
  "thermocline_depth": 184.36873747494988
}