{
  "c0": 2.695745612293541,
  "h0": 132.43211784217402,
  "Ly": 66086.14308923295,
  "a_coef": 0.0,
  "D": 1196.8113588399772,
  "thermocline_depth": 214.42885771543084
}