{
  "c0": 2.451307728654732,
  "h0": 120.65397271927148,
  "Ly": 60774.239944128814,
  "a_coef": 1.817876434534208e-06,
  "D": 971.2453694528725,
  "thermocline_depth": 236.47294589178355
}