{
  "c0": 2.174021158138025,
  "h0": 102.59363613877963,
  "Ly": 68922.2735351348,
  "a_coef": 0.0,
  "D": 1174.5287580699724,
  "thermocline_depth": 194.3887775551102
}