{
  "c0": 2.243676677773307,
  "h0": 141.04020166218328,
  "Ly": 56029.15414343888,
  "a_coef": 0.0,
  "D": 1431.3307555404954,
  "thermocline_depth": 182.36472945891782
}