{
  "c0": 2.401537891205096,
  "h0": 137.01080724116753,
  "Ly": 70296.42992270185,
  "a_coef": 0.0,
  "D": 928.9580828884489,
  "thermocline_depth": 212.42484969939878
}