{
  "c0": 1.9118877531215064,
  "h0": 125.3512919979499,
  "Ly": 67311.55420243664,
  "a_coef": 0.0,
  "D": 1481.5986999986321,
  "thermocline_depth": 160.3206412825651
}