{
  "c0": 1.843265383043743,
  "h0": 95.95177048020682,
  "Ly": 60270.09982274733,
  "a_coef": 2.913855392172569e-06,
  "D": 1353.0777142614024,
  "thermocline_depth": 144.2885771543086
}