{
  "c0": 2.6177402850104543,
  "h0": 83.6646825875723,
  "Ly": 51332.869743364645,
  "a_coef": 0.0,
  "D": 1250.6266029312997,
  "thermocline_depth": 194.3887775551102
}