{
  "c0": 2.2598366682830644,
  "h0": 89.7650165948535,
  "Ly": 78067.16875176434,
  "a_coef": 0.0,
  "D": 1359.2129945012393,
  "thermocline_depth": 188.376753507014
}