{
  "c0": 1.9715575894445816,
  "h0": 120.11627617002412,
  "Ly": 76505.51865935302,
  "a_coef": 0.0,
  "D": 1051.3221820108415,
  "thermocline_depth": 164.32865731462925
}