{
  "c0": 2.5678981803457246,
  "h0": 87.61786121469738,
  "Ly": 51076.03545118178,
  "a_coef": 3.854501880798297e-06,
  "D": 1219.2876835627294,
  "thermocline_depth": 230.46092184368734
}