{
  "c0": 2.1058103503102634,
  "h0": 101.22651984039518,
  "Ly": 65926.08207687005,
  "a_coef": 1.8369318666712106e-06,
  "D": 1083.1699899207495,
  "thermocline_depth": 198.39679358717433
}