{
  "c0": 2.130840536806256,
  "h0": 87.842489243948,
  "Ly": 94943.81621029138,
  "a_coef": 0.0,
  "D": 1324.8968411745968,
  "thermocline_depth": 140.28056112224448
}