{
  "c0": 2.4980029349079413,
  "h0": 98.25620949864671,
  "Ly": 74376.32182338886,
  "a_coef": 1.9670671967306796e-06,
  "D": 1380.6940515529402,
  "thermocline_depth": 188.376753507014
}