{
  "c0": 2.5679862292655837,
  "h0": 103.04559440202132,
  "Ly": 99315.76459589737,
  "a_coef": 0.0,
  "D": 889.2170036018302,
  "thermocline_depth": 240.48096192384767
}