{
  "c0": 2.25367986169616,
  "h0": 147.87062704243704,
  "Ly": 72254.83023139872,
  "a_coef": 0.0,
  "D": 1452.5402058406326,
  "thermocline_depth": 206.41282565130257
}