{
  "c0": 1.986066562286969,
  "h0": 107.1024899549455,
  "Ly": 58953.98952131717,
  "a_coef": 0.0,
  "D": 913.8945080846688,
  "thermocline_depth": 186.37274549098194
}