{
  "c0": 2.2766385949805366,
  "h0": 99.85735806724226,
  "Ly": 55122.60011403818,
  "a_coef": 3.7754927358204583e-06,
  "D": 1293.9114961397017,
  "thermocline_depth": 206.41282565130257
}