{
  "c0": 2.566180786346851,
  "h0": 142.94785267401897,
  "Ly": 82616.9505906623,
  "a_coef": 0.0,
  "D": 1318.7865986433565,
  "thermocline_depth": 216.4328657314629
}