{
  "c0": 2.6314627110935076,
  "h0": 145.07154520338156,
  "Ly": 97865.6966942849,
  "a_coef": 0.0,
  "D": 819.345242330695,
  "thermocline_depth": 242.48496993987973
}