{
  "c0": 2.2998580657300156,
  "h0": 149.65586935684433,
  "Ly": 51410.283882904725,
  "a_coef": 3.7701679615379744e-06,
  "D": 1110.0071607049836,
  "thermocline_depth": 186.37274549098194
}